epoch,time,train/box_loss,train/cls_loss,train/dfl_loss,metrics/precision(B),metrics/recall(B),metrics/mAP50(B),metrics/mAP50-95(B),val/box_loss,val/cls_loss,val/dfl_loss,lr/pg0,lr/pg1,lr/pg2
1,13.0736,2.41009,9.4915,0.0052,0.00032,0.125,0.00017,4e-05,1.77819,6.49251,0.00526,6.668e-05,6.668e-05,6.668e-05
2,25.31,2.1477,8.2817,0.00614,0.00024,0.125,6e-05,2e-05,1.70848,6.46027,0.00492,0.000148545,0.000148545,0.000148545
3,48.055,2.18517,7.59605,0.0051,0.00022,0.125,0.00015,8e-05,1.61221,6.3631,0.0039,0.000228759,0.000228759,0.000228759
4,72.2235,2.05215,7.92318,0.00511,0.00019,0.125,0.00113,0.00026,1.62817,6.07675,0.00398,0.000307323,0.000307323,0.000307323
5,92.5203,1.92197,8.12903,0.0051,0.00018,0.125,0.00645,0.00518,1.49046,5.9702,0.0034,0.000384237,0.000384237,0.000384237
6,105.227,1.77509,8.59352,0.00408,0.00018,0.125,0.1225,0.09804,1.46271,5.99841,0.00391,0.0004595,0.0004595,0.0004595
7,117.969,1.95524,6.1172,0.00389,0.00018,0.125,0.1225,0.09256,1.3627,5.93558,0.00334,0.000533113,0.000533113,0.000533113
8,130.987,1.65375,7.66734,0.00388,0.00018,0.125,0.1225,0.10208,1.31036,5.87873,0.00335,0.000605076,0.000605076,0.000605076
9,143.861,1.92021,5.87617,0.00372,0.00018,0.125,0.1225,0.10412,1.29142,5.83559,0.00324,0.000675388,0.000675388,0.000675388
10,169.071,1.90927,6.36083,0.00355,0.00017,0.125,0.1225,0.10412,1.2792,5.52978,0.00346,0.00074405,0.00074405,0.00074405
11,181.656,1.7921,5.41496,0.0037,0.00035,0.25,0.12964,0.10313,1.41534,5.40319,0.00378,0.000811062,0.000811062,0.000811062
12,206.834,1.9337,5.55338,0.00422,0.00875,0.32692,0.18745,0.15343,1.39165,5.06773,0.00354,0.000876424,0.000876424,0.000876424
13,219.907,1.76368,5.38894,0.00453,0.03065,0.55769,0.46817,0.32855,1.27328,4.73019,0.00343,0.000940135,0.000940135,0.000940135
14,232.811,1.9966,5.23164,0.00455,0.03065,0.55769,0.46817,0.32855,1.27328,4.73019,0.00343,0.0010022,0.0010022,0.0010022
15,261.878,1.89797,4.55185,0.00416,0.02713,0.75962,0.59243,0.39028,1.29896,4.47507,0.00384,0.00106261,0.00106261,0.00106261
16,274.935,1.80798,5.08418,0.00435,0.36851,0.75962,0.63783,0.39602,1.32696,4.31072,0.00323,0.00112137,0.00112137,0.00112137
17,296.129,1.79002,5.33644,0.00379,0.73174,0.125,0.63746,0.35656,1.60118,4.15066,0.0049,0.00117848,0.00117848,0.00117848
18,312.722,1.66785,5.53637,0.00493,0.73174,0.125,0.63746,0.35656,1.60118,4.15066,0.0049,0.00123394,0.00123394,0.00123394
19,325.98,1.79586,5.28024,0.004,0.6853,0.375,0.66204,0.39457,1.48186,4.01076,0.00404,0.00128774,0.00128774,0.00128774
20,339.972,1.6752,4.37178,0.00409,0.79134,0.35334,0.67255,0.42661,1.42365,3.75051,0.00331,0.0013399,0.0013399,0.0013399
21,353.851,1.91288,4.98733,0.00449,0.79134,0.35334,0.67255,0.42661,1.42365,3.75051,0.00331,0.00133693,0.00133693,0.00133693
22,380.963,1.92309,4.87649,0.00361,0.7994,0.3735,0.69415,0.45827,1.30068,3.47876,0.00343,0.00132043,0.00132043,0.00132043
23,397.999,1.91861,4.0516,0.00411,0.5339,0.64423,0.70095,0.48491,1.28719,3.18244,0.00312,0.00130393,0.00130393,0.00130393
24,417.181,1.77306,4.03507,0.00363,0.5339,0.64423,0.70095,0.48491,1.28719,3.18244,0.00312,0.00128742,0.00128742,0.00128742
25,435.621,1.71958,4.24077,0.00386,0.74545,0.48077,0.71046,0.48105,1.43762,2.8824,0.00432,0.00127092,0.00127092,0.00127092
26,464.236,2.16248,4.83329,0.00438,0.74545,0.48077,0.71046,0.48105,1.43762,2.8824,0.00432,0.00125442,0.00125442,0.00125442
27,479.637,1.57883,3.95146,0.00469,0.45995,0.55769,0.65929,0.40891,1.34275,2.86503,0.00361,0.00123791,0.00123791,0.00123791
28,493.139,1.43111,4.18052,0.00452,0.42494,0.63462,0.62674,0.38977,1.31893,2.74874,0.00381,0.00122141,0.00122141,0.00122141
29,519.333,1.55544,3.79166,0.00362,0.42494,0.63462,0.62674,0.38977,1.31893,2.74874,0.00381,0.00120491,0.00120491,0.00120491
30,535.425,1.87289,3.336,0.00301,0.52207,0.63462,0.66539,0.41863,1.32421,2.65347,0.00393,0.0011884,0.0011884,0.0011884
31,561.986,1.73537,4.33739,0.00414,0.54114,0.67308,0.72021,0.46517,1.31805,2.58711,0.00343,0.0011719,0.0011719,0.0011719
32,579.111,1.76577,3.5825,0.00339,0.54114,0.67308,0.72021,0.46517,1.31805,2.58711,0.00343,0.0011554,0.0011554,0.0011554
33,612.61,1.58855,4.23592,0.00333,0.63673,0.66671,0.74758,0.45426,1.37625,2.56194,0.00384,0.00113889,0.00113889,0.00113889
34,625.91,1.62154,3.48604,0.00328,0.63673,0.66671,0.74758,0.45426,1.37625,2.56194,0.00384,0.00112239,0.00112239,0.00112239
35,654.221,1.49624,3.9396,0.00418,0.72875,0.71154,0.84024,0.53171,1.33543,2.48283,0.0039,0.00110589,0.00110589,0.00110589
36,677.005,1.71856,3.36111,0.00344,0.71565,0.71154,0.83399,0.54705,1.23711,2.50213,0.00308,0.00108938,0.00108938,0.00108938
37,700.02,1.67847,3.96869,0.00349,0.71565,0.71154,0.83399,0.54705,1.23711,2.50213,0.00308,0.00107288,0.00107288,0.00107288
38,729.904,1.71041,3.78966,0.00328,0.65503,0.78569,0.79474,0.53261,1.29893,2.38578,0.00363,0.00105638,0.00105638,0.00105638
39,742.964,1.52784,3.77721,0.0043,0.69414,0.63462,0.72956,0.47452,1.2909,2.37308,0.00352,0.00103987,0.00103987,0.00103987
40,756.342,1.65474,4.71375,0.00461,0.69414,0.63462,0.72956,0.47452,1.2909,2.37308,0.00352,0.00102337,0.00102337,0.00102337
41,782.322,1.71648,3.25802,0.0035,0.69184,0.73583,0.73648,0.48668,1.15302,2.34161,0.00285,0.00100687,0.00100687,0.00100687
42,800.499,1.95585,2.92594,0.00325,0.69184,0.73583,0.73648,0.48668,1.15302,2.34161,0.00285,0.000990365,0.000990365,0.000990365
43,814.366,1.74451,3.04774,0.00342,0.66558,0.75962,0.79351,0.54468,1.03896,2.37726,0.00294,0.000973861,0.000973861,0.000973861
44,829.143,1.92591,3.64322,0.0036,0.75796,0.74091,0.86275,0.62486,1.16989,2.24554,0.00386,0.000957358,0.000957358,0.000957358
45,853.577,1.78122,3.62749,0.00395,0.75796,0.74091,0.86275,0.62486,1.16989,2.24554,0.00386,0.000940855,0.000940855,0.000940855
46,878.146,1.76181,3.09618,0.00363,0.95599,0.7847,0.94351,0.66859,1.28788,2.24421,0.00401,0.000924352,0.000924352,0.000924352
47,908.935,1.68795,3.14223,0.00333,0.94083,0.68005,0.89183,0.62475,1.28658,2.26164,0.00391,0.000907848,0.000907848,0.000907848
48,925.922,1.72679,3.13525,0.00392,0.94083,0.68005,0.89183,0.62475,1.28658,2.26164,0.00391,0.000891345,0.000891345,0.000891345
49,939.981,1.71839,3.78834,0.00458,0.92188,0.72115,0.88099,0.61605,1.22629,2.25372,0.00337,0.000874842,0.000874842,0.000874842
50,962.391,1.8504,3.3077,0.00356,0.92188,0.72115,0.88099,0.61605,1.22629,2.25372,0.00337,0.000858338,0.000858338,0.000858338
51,981.787,1.48631,3.24024,0.00349,0.7069,0.68837,0.7801,0.56013,1.17538,2.22874,0.0031,0.000841835,0.000841835,0.000841835
52,1010,1.6902,2.71283,0.00284,0.67235,0.60592,0.74771,0.53949,1.21708,2.34014,0.00306,0.000825332,0.000825332,0.000825332
53,1028.77,1.6603,2.95501,0.00359,0.67235,0.60592,0.74771,0.53949,1.21708,2.34014,0.00306,0.000808828,0.000808828,0.000808828
54,1042.98,1.68704,3.05576,0.00281,0.68892,0.63462,0.74749,0.54125,1.13917,2.41006,0.00296,0.000792325,0.000792325,0.000792325
55,1057.84,1.65106,2.65656,0.00312,0.76472,0.7233,0.77044,0.55946,1.12048,2.34146,0.00291,0.000775822,0.000775822,0.000775822
56,1072.92,1.54667,2.41826,0.00295,0.76472,0.7233,0.77044,0.55946,1.12048,2.34146,0.00291,0.000759318,0.000759318,0.000759318
57,1088.46,1.5572,3.27327,0.0037,0.89059,0.83012,0.88129,0.66981,1.11999,2.14473,0.00291,0.000742815,0.000742815,0.000742815
58,1123.22,1.42715,2.75492,0.00344,0.89059,0.83012,0.88129,0.66981,1.11999,2.14473,0.00291,0.000726312,0.000726312,0.000726312
59,1142.15,1.6466,2.95516,0.00291,0.8961,0.72504,0.90491,0.69047,1.12682,2.08103,0.00284,0.000709809,0.000709809,0.000709809
60,1157.61,1.80768,2.8461,0.0034,0.79817,0.72115,0.84462,0.66419,1.10087,2.05888,0.00275,0.000693305,0.000693305,0.000693305
61,1175.58,1.33685,2.47135,0.00281,0.79817,0.72115,0.84462,0.66419,1.10087,2.05888,0.00275,0.000676802,0.000676802,0.000676802
62,1214.17,1.33988,2.65921,0.00269,0.84499,0.73241,0.8191,0.64744,1.07544,2.01314,0.0026,0.000660299,0.000660299,0.000660299
63,1247.86,1.58188,2.99513,0.00271,0.82999,0.72115,0.82834,0.64373,1.088,1.96954,0.00269,0.000643795,0.000643795,0.000643795
64,1264.78,1.65744,2.58462,0.0031,0.82999,0.72115,0.82834,0.64373,1.088,1.96954,0.00269,0.000627292,0.000627292,0.000627292
65,1289,1.48024,2.53947,0.00275,0.77817,0.72115,0.82422,0.64793,1.10188,1.95117,0.00302,0.000610789,0.000610789,0.000610789
66,1306.58,1.48457,2.81712,0.0028,0.77817,0.72115,0.82422,0.64793,1.10188,1.95117,0.00302,0.000594286,0.000594286,0.000594286
67,1320.48,1.39364,2.50324,0.003,0.78042,0.88462,0.85311,0.65973,1.18536,1.95058,0.00345,0.000577782,0.000577782,0.000577782
68,1349.68,1.3744,2.24876,0.00279,0.84554,0.88422,0.87934,0.68245,1.22258,1.95702,0.00362,0.000561279,0.000561279,0.000561279
69,1368.51,1.37553,3.2092,0.0031,0.84554,0.88422,0.87934,0.68245,1.22258,1.95702,0.00362,0.000544776,0.000544776,0.000544776
70,1384.17,1.37108,2.43945,0.00264,0.84699,0.87761,0.92934,0.7061,1.23721,1.96563,0.00374,0.000528272,0.000528272,0.000528272
71,1412.21,1.23815,2.94211,0.00336,0.80158,0.84615,0.90057,0.68503,1.2314,1.92901,0.00363,0.000511769,0.000511769,0.000511769
72,1451.62,1.68481,2.53634,0.00283,0.80158,0.84615,0.90057,0.68503,1.2314,1.92901,0.00363,0.000495266,0.000495266,0.000495266
73,1470.5,1.46522,2.55507,0.00282,0.80886,0.84615,0.91009,0.72445,1.13912,1.87694,0.00334,0.000478762,0.000478762,0.000478762
74,1492.29,1.5588,2.28761,0.00332,0.80886,0.84615,0.91009,0.72445,1.13912,1.87694,0.00334,0.000462259,0.000462259,0.000462259
75,1515.17,1.58131,2.05486,0.00288,0.81336,0.84615,0.91221,0.73062,1.04247,1.88769,0.00294,0.000445756,0.000445756,0.000445756
76,1549.66,1.65234,2.61061,0.00304,0.9664,0.81031,0.94271,0.74916,1.00987,1.8584,0.00294,0.000429253,0.000429253,0.000429253
77,1568.91,1.31625,3.2948,0.00383,0.9664,0.81031,0.94271,0.74916,1.00987,1.8584,0.00294,0.000412749,0.000412749,0.000412749
78,1592.36,1.41628,2.31217,0.00266,0.96776,0.82195,0.94245,0.75078,0.957,1.83609,0.00284,0.000396246,0.000396246,0.000396246
79,1630.93,1.2623,2.92157,0.00299,1,0.82262,0.95157,0.73966,0.95244,1.83271,0.00277,0.000379743,0.000379743,0.000379743
80,1645.49,1.21933,2.31048,0.00308,1,0.82262,0.95157,0.73966,0.95244,1.83271,0.00277,0.000363239,0.000363239,0.000363239
81,1660.39,1.73712,2.06477,0.00257,0.97705,0.86462,0.95566,0.74085,0.94006,1.81201,0.00278,0.000346736,0.000346736,0.000346736
82,1696.65,1.43785,2.54172,0.00278,0.97705,0.86462,0.95566,0.74085,0.94006,1.81201,0.00278,0.000330233,0.000330233,0.000330233
83,1722.23,1.68983,3.01332,0.00262,0.93254,0.85992,0.95365,0.75831,0.93849,1.79144,0.00284,0.000313729,0.000313729,0.000313729
84,1740.86,1.27595,2.48099,0.00299,0.91372,0.85641,0.95011,0.74756,0.93952,1.77296,0.00294,0.000297226,0.000297226,0.000297226
85,1764.89,1.46238,2.14561,0.00234,0.91372,0.85641,0.95011,0.74756,0.93952,1.77296,0.00294,0.000280723,0.000280723,0.000280723
86,1804.51,1.42658,2.33256,0.00268,0.88034,0.86202,0.92721,0.73786,0.9255,1.7657,0.00302,0.00026422,0.00026422,0.00026422
87,1823.13,1.3525,2.61725,0.0029,0.88342,0.86669,0.92327,0.73439,0.92419,1.75114,0.00301,0.000247716,0.000247716,0.000247716
88,1836.99,1.29197,2.31078,0.00304,0.88342,0.86669,0.92327,0.73439,0.92419,1.75114,0.00301,0.000231213,0.000231213,0.000231213
89,1861,1.27927,2.47176,0.00282,0.87889,0.87043,0.92653,0.74824,0.93134,1.70006,0.00303,0.00021471,0.00021471,0.00021471
90,1880.86,1.305,2.43093,0.00251,0.87889,0.87043,0.92653,0.74824,0.93134,1.70006,0.00303,0.000198206,0.000198206,0.000198206
91,1914.23,1.18728,3.04257,0.00291,0.87159,0.87388,0.93152,0.74911,0.89811,1.7225,0.00239,0.000181703,0.000181703,0.000181703
92,1935.41,1.28142,3.31462,0.00274,0.97935,0.86059,0.95969,0.77059,0.92156,1.71348,0.0025,0.0001652,0.0001652,0.0001652
93,1949.74,1.45053,3.66802,0.00311,0.97935,0.86059,0.95969,0.77059,0.92156,1.71348,0.0025,0.000148696,0.000148696,0.000148696
94,1976.85,1.45889,3.46929,0.00341,0.99177,0.85134,0.96052,0.76421,0.88131,1.74698,0.00228,0.000132193,0.000132193,0.000132193
95,1997.21,1.38952,3.25743,0.00242,1,0.8321,0.96337,0.76291,0.9074,1.72901,0.00227,0.00011569,0.00011569,0.00011569
96,2011.62,1.27805,3.4957,0.00283,1,0.8321,0.96337,0.76291,0.9074,1.72901,0.00227,9.91865e-05,9.91865e-05,9.91865e-05
97,2036.75,1.31385,3.24871,0.00249,1,0.79236,0.96337,0.76632,0.92771,1.73513,0.00226,8.26832e-05,8.26832e-05,8.26832e-05
98,2079.42,1.27974,3.5935,0.00272,1,0.79236,0.96337,0.76632,0.92771,1.73513,0.00226,6.61799e-05,6.61799e-05,6.61799e-05
99,2109.51,1.33812,3.08639,0.00248,1,0.79123,0.965,0.7675,0.92875,1.72365,0.00227,4.96766e-05,4.96766e-05,4.96766e-05
100,2126.33,1.18063,3.26607,0.0037,1,0.81684,0.965,0.77786,0.93236,1.72143,0.00224,3.31733e-05,3.31733e-05,3.31733e-05
